{
    "version": 1,
    "kits": {
        "PvP": {
            "private": false,
            "cooldown": 0,
            "clear": true,
            "items": [
                {
                    "id": 276
                },
                {
                    "id": 306
                },
                {
                    "id": 307
                },
                {
                    "id": 308
                },
                {
                    "id": 309
                },
                {
                    "id": 261
                },
                {
                    "id": 262,
                    "count": 16
                },
                {
                    "id": 322,
                    "count": 8
                }
            ],
            "aliases": [
                "fight",
                "kill"
            ]
        }
    }
}