{"format_version":"1.12.0","minecraft:geometry":[{"description":{"identifier":"geometry.trashcan.open","texture_width":64,"texture_height":64,"visible_bounds_width":2,"visible_bounds_height":2.5,"visible_bounds_offset":[0,0.75,0]},"bones":[{"name":"body","pivot":[0,4,0],"cubes":[{"origin":[-4.09,11,-2],"size":[1,1,1],"pivot":[0,0,0],"rotation":[0,0,72.5],"uv":[0,0]},{"origin":[-4.09,11,1],"size":[1,1,1],"pivot":[0,0,0],"rotation":[0,0,72.5],"uv":[4,0]},{"origin":[-4.09,12,-2],"size":[1,1,4],"pivot":[0,0,0],"rotation":[0,0,72.5],"uv":[0,2]},{"origin":[-11.62,9,-7],"size":[14,2,14],"pivot":[0,0,0],"rotation":[0,0,76.3],"uv":[10,2]},{"origin":[-6,0,-6],"size":[12,17,12],"uv":[0,18]}]}]}]}