{"format_version":"1.12.0","minecraft:geometry":[{"description":{"identifier":"geometry.trashcan","texture_width":64,"texture_height":64,"visible_bounds_width":2,"visible_bounds_height":2.5,"visible_bounds_offset":[0,0.75,0]},"bones":[{"name":"body","pivot":[0,4,0],"cubes":[{"origin":[-0.5,19,-2],"size":[1,1,1],"uv":[0,0]},{"origin":[-0.5,19,1],"size":[1,1,1],"uv":[4,0]},{"origin":[-0.5,20,-2],"size":[1,1,4],"uv":[0,2]},{"origin":[-7,17,-7],"size":[14,2,14],"uv":[10,2]},{"origin":[-6,0,-6],"size":[12,17,12],"uv":[0,18]}]}]}]}